code,system
A789400,readv2
AyuC300,readv2
A789300,readv2
A789311,readv2
AyuC400,readv2
A788X00,readv2
A789700,readv2
AyuC600,readv2
A788500,readv2
A788600,readv2
AyuC.00,readv2
A788.11,readv2
Eu02400,readv2
A788100,readv2
A788300,readv2
A788000,readv2
A788400,readv2
A789800,readv2
A789X00,readv2
AyuC100,readv2
A788y00,readv2
A789511,readv2
A789500,readv2
AyuCD00,readv2
A788W00,readv2
AyuCC00,readv2
A789600,readv2
A788.00,readv2
A788z00,readv2
L179.00,readv2
A788200,readv2
A789A00,readv2
A789900,readv2
A789000,readv2
A789100,readv2
A789200,readv2